1,Birdie,Tarquini,btarquini0@sohu.com,638393,2024-08-23
2,Lauralee,Smyth,lsmyth1@chron.com,606118,2024-06-05
3,Augustina,Aleksankin,aaleksankin2@google.co.uk,635145,2025-04-30
4,Eberto,Le Breton,elebreton3@github.com,652818,2024-08-27
5,Kerr,Lindborg,klindborg4@hhs.gov,639144,2024-05-15
6,Shae,Elsy,selsy5@nbcnews.com,632234,2025-03-20
7,Kasper,Newlin,knewlin6@irs.gov,679780,2025-04-25
8,Rebeka,McMechan,rmcmechan7@nba.com,643307,2024-09-26
9,Nissy,Mullard,nmullard8@who.int,643223,2024-08-11
10,Candis,Larsen,clarsen9@wikispaces.com,610412,2024-07-31
11,Natty,Humberston,nhumberstona@wired.com,681656,2025-03-27
12,Jennie,Muzzini,jmuzzinib@hud.gov,680144,2024-10-19
13,Isa,Boggs,iboggsc@mapy.cz,681575,2025-05-05
14,Morley,Marciek,mmarciekd@telegraph.co.uk,688228,2024-07-01
15,Evyn,Doody,edoodye@google.com,656259,2024-08-18
16,Maje,Joinson,mjoinsonf@smh.com.au,603978,2025-02-03
17,Sheila-kathryn,Teliga,steligag@typepad.com,646945,2024-10-05
18,Kimberlyn,Blazeby,kblazebyh@dion.ne.jp,660372,2025-01-28
19,Beauregard,Gookey,bgookeyi@msn.com,683460,2024-10-09
20,Reece,Lutton,rluttonj@vkontakte.ru,686953,2024-12-05
21,Sebastien,Siddon,ssiddonk@google.es,649540,2024-10-19
22,Doretta,Clouston,dcloustonl@census.gov,636400,2024-09-24
23,Danny,Worgan,dworganm@toplist.cz,674371,2024-10-22
24,Niccolo,Bourdon,nbourdonn@npr.org,609302,2024-11-16
25,Kylynn,Casey,kcaseyo@w3.org,671898,2024-06-25
26,Wildon,Muzzini,wmuzzinip@surveymonkey.com,689462,2024-09-03
27,Freddy,Bril,fbrilq@illinois.edu,653540,2025-03-23
28,Horace,Borthe,hborther@apache.org,606347,2024-12-19
29,Konstantine,Lagne,klagnes@angelfire.com,649655,2025-02-23
30,Hanny,Jewiss,hjewisst@infoseek.co.jp,611029,2025-01-06
31,faty,El,faty@gmail.com,12123,2025-05-17
